insert into teamworkplanner.calendarioempresa VALUES
(2018,'15/01/2018',3,true),
(2019,'15/01/2019',3,true),
(2020,'17/05/2020',3,false);
insert into teamworkplanner.seccionalmacen VALUES
 (0,'Seccion de reparto en carruseles','PaqueteriaM',0),
 (1,'Seccion de entrada de mercancia','EntradasM',0),
 (2,'Seccionde salida de mercancia','CargaM',0),
 (3,'Seccion de reparto en carruseles','PaqueteriaT',1),
 (4,'Seccion de entrada de mercancia','EntradasT',1),
 (5,'Seccionde salida de mercancia','CargaT',1),
 (6,'Seccion de reparto en carruseles','PaqueteriaN',2),
 (7,'Seccion de entrada de mercancia','EntradasN',2),
 (8,'Seccionde salida de mercancia','CargaN',2);
insert into teamworkplanner.calendarioseccion VALUES
 (0,15,0,2018,0),
 (1,15,1,2018,1),
 (2,15,2,2018,2),
 (3,15,0,2018,3),
 (4,15,1,2018,4),
 (5,15,2,2018,5),
 (6,15,0,2018,6),
 (7,15,1,2018,7),
 (8,15,2,2018,8),
 (9,15,0,2019,0),
 (10,15,1,2019,1),
 (11,15,2,2019,2),
 (12,15,0,2019,3),
 (13,15,1,2019,4),
 (14,15,2,2019,5),
 (15,15,0,2019,6),
 (16,15,1,2019,7),
 (17,15,2,2019,8),
 (18,15,0,2020,0),
 (19,15,1,2020,1),
 (20,15,2,2020,2),
 (21,15,0,2020,3),
 (22,15,1,2020,4),
 (23,15,2,2020,5),
 (24,15,0,2020,6),
 (25,15,1,2020,7),
 (26,15,2,2020,8);
insert into teamworkplanner.personal VALUES 
 ('RrhhJPA',1,'ape 1','email@1','01/01/2017',null,'1','nom 1','1',null,null),
 ('RrhhJPA',2,'ape 2','email@2','01/01/2017',null,'2','nom 2','2',null,null),
 ('RrhhJPA',3,'ape 3','email@3','01/01/2017',null,'3','nom 3','3',null,null),
 ('RrhhJPA',4,'ape 4','email@4','01/01/2017',null,'4','nom 4','4',null,null),
 ('RrhhJPA',5,'ape 5','email@5','01/01/2017',null,'5','nom 5','5',null,null),
 ('EncargadoJPA',6,'ape 6','email@6','01/01/2017',null,'6','nom 6','6',null,0),
 ('EncargadoJPA',7,'ape 7','email@7','01/01/2017',null,'7','nom 7','7',null,0),
 ('EncargadoJPA',8,'ape 8','email@8','01/01/2017',null,'8','nom 8','8',null,0),
 ('EncargadoJPA',9,'ape 9','email@9','01/01/2017',null,'9','nom 9','9',null,0),
 ('EncargadoJPA',10,'ape 10','email@10','01/01/2017',null,'10','nom 10','10',null,0),
 ('EncargadoJPA',11,'ape 11','email@11','01/01/2017',null,'11','nom 11','11',null,1),
 ('EncargadoJPA',12,'ape 12','email@12','01/01/2017',null,'12','nom 12','12',null,1),
 ('EncargadoJPA',13,'ape 13','email@13','01/01/2017','07/07/2019','13','nom 13','13',null,1),
 ('EncargadoJPA',14,'ape 14','email@14','01/01/2017',null,'14','nom 14','14',null,2),
 ('EncargadoJPA',15,'ape 15','email@15','01/01/2017',null,'15','nom 15','15',null,2),
 ('EncargadoJPA',16,'ape 16','email@16','01/01/2017',null,'16','nom 16','16',null,2),
 ('JefeAlmacenJPA',17,'ape 17','email@17','01/01/2017',null,'17','nom 17','17',null,null),
 ('JefeAlmacenJPA',18,'ape 18','email@18','01/01/2017',null,'18','nom 18','18',null,null),
 ('JefeAlmacenJPA',19,'ape 19','email@19','01/01/2017',null,'19','nom 19','19',null,null),
 ('JefeAlmacenJPA',20,'ape 20','email@20','01/01/2017',null,'20','nom 20','20',null,null),
 ('JefeEquipoJPA',21,'ape 21','email@21','01/01/2017',null,'21','nom 21','21',0,0),
 ('JefeEquipoJPA',22,'ape 22','email@22','01/01/2017',null,'22','nom 22','22',0,0),
 ('JefeEquipoJPA',23,'ape 23','email@23','01/01/2017',null,'23','nom 23','23',1,3),
 ('JefeEquipoJPA',24,'ape 24','email@24','01/01/2017',null,'24','nom 24','24',1,3),
 ('JefeEquipoJPA',25,'ape 25','email@25','01/01/2017',null,'25','nom 25','25',1,3),
 ('JefeEquipoJPA',26,'ape 26','email@26','01/01/2017',null,'26','nom 26','26',1,3),
 ('JefeEquipoJPA',27,'ape 27','email@27','01/01/2017',null,'27','nom 27','27',0,0),
 ('JefeEquipoJPA',28,'ape 28','email@28','01/01/2017',null,'28','nom 28','28',0,0),
 ('JefeEquipoJPA',29,'ape 29','email@29','01/01/2017',null,'29','nom 29','29',0,0),
 ('JefeEquipoJPA',30,'ape 30','email@30','01/01/2017',null,'30','nom 30','30',0,0),
 ('JefeEquipoJPA',31,'ape 31','email@31','01/01/2017',null,'31','nom 31','31',0,2),
 ('JefeEquipoJPA',32,'ape 32','email@32','01/01/2017',null,'32','nom 32','32',0,2),
 ('JefeEquipoJPA',33,'ape 33','email@33','01/01/2017',null,'33','nom 33','33',0,2),
 ('JefeEquipoJPA',34,'ape 34','email@34','01/01/2017',null,'34','nom 34','34',1,5),
 ('JefeEquipoJPA',35,'ape 35','email@35','01/01/2017',null,'35','nom 35','35',1,5),
 ('JefeEquipoJPA',36,'ape 36','email@36','01/01/2017',null,'36','nom 36','36',1,5),
 ('JefeEquipoJPA',37,'ape 37','email@37','01/01/2017',null,'37','nom 37','37',1,5),
 ('JefeEquipoJPA',38,'ape 38','email@38','11/01/2018',null,'38','nom 38','38',1,3),
 ('JefeEquipoJPA',39,'ape 39','email@39','11/01/2018',null,'39','nom 39','39',1,3),
 ('JefeEquipoJPA',40,'ape 40','email@40','11/01/2018',null,'40','nom 40','40',1,3),
 ('JefeEquipoJPA',41,'ape 41','email@41','11/01/2018',null,'41','nom 41','41',0,1),
 ('JefeEquipoJPA',42,'ape 42','email@42','11/01/2018',null,'42','nom 42','42',0,1),
 ('JefeEquipoJPA',43,'ape 43','email@43','11/01/2018',null,'43','nom 43','43',0,1),
 ('JefeEquipoJPA',44,'ape 44','email@44','11/01/2018',null,'44','nom 44','44',0,1),
 ('JefeEquipoJPA',45,'ape 45','email@45','11/01/2018',null,'45','nom 45','45',0,1),
 ('OperarioJPA',46,'ape 46','email@46','11/01/2018',null,'46','nom 46','46',0,0),
 ('OperarioJPA',47,'ape 47','email@47','11/01/2018',null,'47','nom 47','47',0,0),
 ('OperarioJPA',48,'ape 48','email@48','11/01/2018',null,'48','nom 48','48',0,0),
 ('OperarioJPA',49,'ape 49','email@49','11/01/2018',null,'49','nom 49','49',0,0),
 ('OperarioJPA',50,'ape 50','email@50','11/01/2018',null,'50','nom 50','50',0,0),
 ('OperarioJPA',51,'ape 51','email@51','11/01/2018',null,'51','nom 51','51',0,0),
 ('OperarioJPA',52,'ape 52','email@52','11/01/2018',null,'52','nom 52','52',0,0),
 ('OperarioJPA',53,'ape 53','email@53','11/01/2018',null,'53','nom 53','53',0,0),
 ('OperarioJPA',54,'ape 54','email@54','11/12/2018',null,'54','nom 54','54',0,0),
 ('OperarioJPA',55,'ape 55','email@55','23/03/2019',null,'55','nom 55','55',0,0),
 ('OperarioJPA',56,'ape 56','email@56','23/03/2019',null,'56','nom 56','56',0,0),
 ('OperarioJPA',57,'ape 57','email@57','23/03/2019',null,'57','nom 57','57',0,0),
 ('OperarioJPA',58,'ape 58','email@58','23/03/2019',null,'58','nom 58','58',0,0),
 ('OperarioJPA',59,'ape 59','email@59','23/03/2019',null,'59','nom 59','59',0,0),
 ('OperarioJPA',60,'ape 60','email@60','23/03/2019',null,'60','nom 60','60',0,0),
 ('OperarioJPA',61,'ape 61','email@61','23/03/2019',null,'61','nom 61','61',0,0),
 ('OperarioJPA',62,'ape 62','email@62','23/03/2019',null,'62','nom 62','62',0,0),
 ('OperarioJPA',63,'ape 63','email@63','23/03/2019',null,'63','nom 63','63',0,0),
 ('OperarioJPA',64,'ape 64','email@64','23/03/2019',null,'64','nom 64','64',0,0),
 ('OperarioJPA',65,'ape 65','email@65','23/03/2019',null,'65','nom 65','65',0,0),
 ('OperarioJPA',66,'ape 66','email@66','23/03/2019',null,'66','nom 66','66',0,0),
 ('OperarioJPA',67,'ape 67','email@67','23/03/2019',null,'67','nom 67','67',0,0),
 ('OperarioJPA',68,'ape 68','email@68','23/03/2019',null,'68','nom 68','68',0,0),
 ('OperarioJPA',69,'ape 69','email@69','23/03/2019',null,'69','nom 69','69',0,0),
 ('OperarioJPA',70,'ape 70','email@70','23/03/2019',null,'70','nom 70','70',0,0),
 ('OperarioJPA',71,'ape 71','email@71','23/03/2019',null,'71','nom 71','71',0,0),
 ('OperarioJPA',72,'ape 72','email@72','23/03/2019',null,'72','nom 72','72',0,0),
 ('OperarioJPA',73,'ape 73','email@73','23/03/2019',null,'73','nom 73','73',0,0),
 ('OperarioJPA',74,'ape 74','email@74','23/03/2019',null,'74','nom 74','74',0,0),
 ('OperarioJPA',75,'ape 75','email@75','23/03/2019',null,'75','nom 75','75',0,0),
 ('OperarioJPA',76,'ape 76','email@76','23/03/2019',null,'76','nom 76','76',0,0),
 ('OperarioJPA',77,'ape 77','email@77','23/03/2019',null,'77','nom 77','77',0,0),
 ('OperarioJPA',78,'ape 78','email@78','23/03/2019',null,'78','nom 78','78',0,0),
 ('OperarioJPA',79,'ape 79','email@79','23/03/2019',null,'79','nom 79','79',0,0),
 ('OperarioJPA',80,'ape 80','email@80','23/03/2019',null,'80','nom 80','80',0,0),
 ('OperarioJPA',81,'ape 81','email@81','23/03/2019',null,'81','nom 81','81',0,0),
 ('OperarioJPA',82,'ape 82','email@82','23/03/2019',null,'82','nom 82','82',0,1),
 ('OperarioJPA',83,'ape 83','email@83','23/03/2019',null,'83','nom 83','83',0,1),
 ('OperarioJPA',84,'ape 84','email@84','23/03/2019',null,'84','nom 84','84',0,1),
 ('OperarioJPA',85,'ape 85','email@85','23/03/2019',null,'85','nom 85','85',0,1),
 ('OperarioJPA',86,'ape 86','email@86','23/03/2019',null,'86','nom 86','86',0,1),
 ('OperarioJPA',87,'ape 87','email@87','23/03/2019',null,'87','nom 87','87',0,1),
 ('OperarioJPA',88,'ape 88','email@88','23/03/2019',null,'88','nom 88','88',0,1),
 ('OperarioJPA',89,'ape 89','email@89','23/03/2019',null,'89','nom 89','89',0,1),
 ('OperarioJPA',90,'ape 90','email@90','23/03/2019',null,'90','nom 90','90',0,2),
 ('OperarioJPA',91,'ape 91','email@91','23/03/2019',null,'91','nom 91','91',0,2),
 ('OperarioJPA',92,'ape 92','email@92','23/03/2019',null,'92','nom 92','92',0,2),
 ('OperarioJPA',93,'ape 93','email@93','23/03/2019',null,'93','nom 93','93',0,2),
 ('OperarioJPA',94,'ape 94','email@94','23/03/2019',null,'94','nom 94','94',0,2),
 ('OperarioJPA',95,'ape 95','email@95','23/03/2019',null,'95','nom 95','95',0,2),
 ('OperarioJPA',96,'ape 96','email@96','23/03/2019',null,'96','nom 96','96',0,2),
 ('OperarioJPA',97,'ape 97','email@97','23/03/2019',null,'97','nom 97','97',0,2),
 ('OperarioJPA',98,'ape 98','email@98','23/03/2019',null,'98','nom 98','98',0,2),
 ('OperarioJPA',99,'ape 99','email@99','23/03/2019',null,'99','nom 99','99',0,2),
 ('OperarioJPA',100,'ape 100','email@100','23/03/2019',null,'100','nom 100','100',0,2),
 ('OperarioJPA',101,'ape 101','email@101','23/03/2019',null,'101','nom 101','101',0,2),
 ('OperarioJPA',102,'ape 102','email@102','23/03/2019',null,'102','nom 102','102',0,2),
 ('OperarioJPA',103,'ape 103','email@103','23/03/2019',null,'103','nom 103','103',0,2),
 ('OperarioJPA',104,'ape 104','email@104','23/03/2019',null,'104','nom 104','104',0,1),
 ('OperarioJPA',105,'ape 105','email@105','23/03/2019',null,'105','nom 105','105',0,1),
 ('OperarioJPA',106,'ape 106','email@106','23/03/2019',null,'106','nom 106','106',0,1),
 ('OperarioJPA',107,'ape 107','email@107','23/03/2019',null,'107','nom 107','107',0,1),
 ('OperarioJPA',108,'ape 108','email@108','23/03/2019',null,'108','nom 108','108',0,1),
 ('OperarioJPA',109,'ape 109','email@109','23/03/2019',null,'109','nom 109','109',0,1),
 ('OperarioJPA',110,'ape 110','email@110','23/03/2019',null,'110','nom 110','110',1,4),
 ('OperarioJPA',111,'ape 111','email@111','23/03/2019',null,'111','nom 111','111',1,4),
 ('OperarioJPA',112,'ape 112','email@112','23/03/2019',null,'112','nom 112','112',1,4),
 ('OperarioJPA',113,'ape 113','email@113','23/03/2019',null,'113','nom 113','113',1,4),
 ('OperarioJPA',114,'ape 114','email@114','23/03/2019',null,'114','nom 114','114',1,4),
 ('OperarioJPA',115,'ape 115','email@115','23/03/2019',null,'115','nom 115','115',1,5),
 ('OperarioJPA',116,'ape 116','email@116','23/03/2019',null,'116','nom 116','116',1,5),
 ('OperarioJPA',117,'ape 117','email@117','23/03/2019',null,'117','nom 117','117',1,5),
 ('OperarioJPA',118,'ape 118','email@118','23/03/2019',null,'118','nom 118','118',1,5),
 ('OperarioJPA',119,'ape 119','email@119','23/03/2019',null,'119','nom 119','119',1,5),
 ('OperarioJPA',120,'ape 120','email@120','23/03/2019',null,'120','nom 120','120',1,5),
 ('OperarioJPA',121,'ape 121','email@121','23/03/2019',null,'121','nom 121','121',1,5),
 ('OperarioJPA',122,'ape 122','email@122','23/03/2019',null,'122','nom 122','122',1,5),
 ('OperarioJPA',123,'ape 123','email@123','23/03/2019',null,'123','nom 123','123',1,5),
 ('OperarioJPA',124,'ape 124','email@124','23/03/2019',null,'124','nom 124','124',1,5),
 ('OperarioJPA',125,'ape 125','email@125','23/03/2019',null,'125','nom 125','125',0,0),
 ('OperarioJPA',126,'ape 126','email@126','23/03/2019',null,'126','nom 126','126',0,0),
 ('OperarioJPA',127,'ape 127','email@127','23/03/2019',null,'127','nom 127','127',0,0),
 ('OperarioJPA',128,'ape 128','email@128','23/03/2019',null,'128','nom 128','128',0,0),
 ('OperarioJPA',129,'ape 129','email@129','23/03/2019',null,'129','nom 129','129',0,0),
 ('OperarioJPA',130,'ape 130','email@130','23/03/2019',null,'130','nom 130','130',0,0),
 ('OperarioJPA',131,'ape 131','email@131','23/03/2019',null,'131','nom 131','131',0,0),
 ('OperarioJPA',132,'ape 132','email@132','23/03/2019',null,'132','nom 132','132',0,0),
 ('OperarioJPA',133,'ape 133','email@133','23/03/2019',null,'133','nom 133','133',0,0),
 ('OperarioJPA',134,'ape 134','email@134','23/03/2019',null,'134','nom 134','134',0,0),
 ('OperarioJPA',135,'ape 135','email@135','23/03/2019',null,'135','nom 135','135',0,0),
 ('OperarioJPA',136,'ape 136','email@136','23/03/2019',null,'136','nom 136','136',0,0),
 ('OperarioJPA',137,'ape 137','email@137','23/03/2019',null,'137','nom 137','137',0,0),
 ('OperarioJPA',138,'ape 138','email@138','23/03/2019',null,'138','nom 138','138',0,0),
 ('OperarioJPA',139,'ape 139','email@139','23/03/2019',null,'139','nom 139','139',0,0),
 ('OperarioJPA',140,'ape 140','email@140','23/03/2019',null,'140','nom 140','140',0,0),
 ('OperarioJPA',141,'ape 141','email@141','23/03/2019',null,'141','nom 141','141',0,0),
 ('OperarioJPA',142,'ape 142','email@142','23/03/2019',null,'142','nom 142','142',0,0),
 ('OperarioJPA',143,'ape 143','email@143','23/03/2019',null,'143','nom 143','143',0,0),
 ('OperarioJPA',144,'ape 144','email@144','23/03/2019',null,'144','nom 144','144',0,0),
 ('OperarioJPA',145,'ape 145','email@145','23/03/2019',null,'145','nom 145','145',0,0),
 ('OperarioJPA',146,'ape 146','email@146','23/03/2019',null,'146','nom 146','146',0,0),
 ('OperarioJPA',147,'ape 147','email@147','23/03/2019',null,'147','nom 147','147',0,0),
 ('OperarioJPA',148,'ape 148','email@148','23/03/2019',null,'148','nom 148','148',0,0),
 ('OperarioJPA',149,'ape 149','email@149','23/03/2019',null,'149','nom 149','149',0,0),
 ('OperarioJPA',150,'ape 150','email@150','23/03/2019',null,'150','nom 150','150',0,0),
 ('OperarioJPA',151,'ape 151','email@151','23/03/2019',null,'151','nom 151','151',0,0),
 ('OperarioJPA',152,'ape 152','email@152','23/03/2019',null,'152','nom 152','152',0,0),
 ('OperarioJPA',153,'ape 153','email@153','23/03/2019',null,'153','nom 153','153',0,0),
 ('OperarioJPA',154,'ape 154','email@154','23/03/2019',null,'154','nom 154','154',0,0),
 ('OperarioJPA',155,'ape 155','email@155','23/03/2019',null,'155','nom 155','155',0,0),
 ('OperarioJPA',156,'ape 156','email@156','23/03/2019',null,'156','nom 156','156',0,0),
 ('OperarioJPA',157,'ape 157','email@157','23/03/2019',null,'157','nom 157','157',0,0),
 ('OperarioJPA',158,'ape 158','email@158','23/03/2019',null,'158','nom 158','158',0,0),
 ('OperarioJPA',159,'ape 159','email@159','23/03/2019',null,'159','nom 159','159',0,0),
 ('OperarioJPA',160,'ape 160','email@160','23/03/2019',null,'160','nom 160','160',0,0),
 ('OperarioJPA',161,'ape 161','email@161','23/03/2019',null,'161','nom 161','161',0,0),
 ('OperarioJPA',162,'ape 162','email@162','23/03/2019',null,'162','nom 162','162',0,0),
 ('OperarioJPA',163,'ape 163','email@163','23/03/2019',null,'163','nom 163','163',0,0),
 ('OperarioJPA',164,'ape 164','email@164','23/03/2019',null,'164','nom 164','164',0,0),
 ('OperarioJPA',165,'ape 165','email@165','23/03/2019',null,'165','nom 165','165',0,0),
 ('OperarioJPA',166,'ape 166','email@166','23/03/2019',null,'166','nom 166','166',0,0),
 ('OperarioJPA',167,'ape 167','email@167','23/03/2019',null,'167','nom 167','167',0,0),
 ('OperarioJPA',168,'ape 168','email@168','23/03/2019',null,'168','nom 168','168',0,0),
 ('OperarioJPA',169,'ape 169','email@169','23/03/2019',null,'169','nom 169','169',0,0),
 ('OperarioJPA',170,'ape 170','email@170','23/03/2019',null,'170','nom 170','170',0,0),
 ('OperarioJPA',171,'ape 171','email@171','23/03/2019',null,'171','nom 171','171',0,0),
 ('OperarioJPA',172,'ape 172','email@172','23/03/2019',null,'172','nom 172','172',0,0),
 ('OperarioJPA',173,'ape 173','email@173','23/03/2019',null,'173','nom 173','173',0,0),
 ('OperarioJPA',174,'ape 174','email@174','23/03/2019',null,'174','nom 174','174',0,0),
 ('OperarioJPA',175,'ape 175','email@175','23/01/2020',null,'175','nom 175','175',0,0),
 ('OperarioJPA',176,'ape 176','email@176','23/01/2020',null,'176','nom 176','176',0,0),
 ('OperarioJPA',177,'ape 177','email@177','23/01/2020',null,'177','nom 177','177',0,0),
 ('OperarioJPA',178,'ape 178','email@178','23/01/2020',null,'178','nom 178','178',0,0),
 ('OperarioJPA',179,'ape 179','email@179','23/01/2020',null,'179','nom 179','179',1,3),
 ('OperarioJPA',180,'ape 180','email@180','23/01/2020',null,'180','nom 180','180',1,3),
 ('OperarioJPA',181,'ape 181','email@181','23/01/2020',null,'181','nom 181','181',1,3),
 ('OperarioJPA',182,'ape 182','email@182','23/01/2020',null,'182','nom 182','182',1,3),
 ('OperarioJPA',183,'ape 183','email@183','23/01/2020',null,'183','nom 183','183',1,3),
 ('OperarioJPA',184,'ape 184','email@184','23/01/2020',null,'184','nom 184','184',1,3),
 ('OperarioJPA',185,'ape 185','email@185','23/01/2020',null,'185','nom 185','185',1,3),
 ('OperarioJPA',186,'ape 186','email@186','23/01/2020',null,'186','nom 186','186',1,3),
 ('OperarioJPA',187,'ape 187','email@187','23/01/2020',null,'187','nom 187','187',1,3),
 ('OperarioJPA',188,'ape 188','email@188','23/01/2020',null,'188','nom 188','188',1,3),
 ('OperarioJPA',189,'ape 189','email@189','23/01/2020',null,'189','nom 189','189',1,3),
 ('OperarioJPA',190,'ape 190','email@190','23/01/2020',null,'190','nom 190','190',1,3),
 ('OperarioJPA',191,'ape 191','email@191','23/01/2020',null,'191','nom 191','191',1,3),
 ('OperarioJPA',192,'ape 192','email@192','19/06/2019',null,'192','nom 192','192',2,7),
 ('OperarioJPA',193,'ape 193','email@193','19/06/2019',null,'193','nom 193','193',2,7),
 ('OperarioJPA',194,'ape 194','email@194','19/06/2019',null,'194','nom 194','194',2,7),
 ('OperarioJPA',195,'ape 195','email@195','19/06/2019',null,'195','nom 195','195',2,7),
 ('OperarioJPA',196,'ape 196','email@196','19/06/2019',null,'196','nom 196','196',2,7),
 ('OperarioJPA',197,'ape 197','email@197','19/06/2019',null,'197','nom 197','197',2,7),
 ('OperarioJPA',198,'ape 198','email@198','19/06/2019',null,'198','nom 198','198',2,7),
 ('OperarioJPA',199,'ape 199','email@199','19/06/2019',null,'199','nom 199','199',2,7),
 ('OperarioJPA',200,'ape 200','email@200','19/06/2019',null,'200','nom 200','200',2,7);
insert into teamworkplanner.calendariopersonal VALUES
(0,0,46),
(155,9,46),
(310,18,46),
(1,0,47),
(156,9,47),
(311,18,47),
(2,0,48),
(157,9,48),
(312,18,48),
(3,0,49),
(158,9,49),
(313,18,49),
(4,0,50),
(159,9,50),
(314,18,50),
(5,0,51),
(160,9,51),
(315,18,51),
(6,0,52),
(161,9,52),
(316,18,52),
(7,0,53),
(162,9,53),
(317,18,53),
(8,0,54),
(163,9,54),
(318,18,54),
(9,0,55),
(164,9,55),
(319,18,55),
(10,0,56),
(165,9,56),
(320,18,56),
(11,0,57),
(166,9,57),
(321,18,57),
(12,0,58),
(167,9,58),
(322,18,58),
(13,0,59),
(168,9,59),
(323,18,59),
(14,0,60),
(169,9,60),
(324,18,60),
(15,0,61),
(170,9,61),
(325,18,61),
(16,0,62),
(171,9,62),
(326,18,62),
(17,0,63),
(172,9,63),
(327,18,63),
(18,0,64),
(173,9,64),
(328,18,64),
(19,0,65),
(174,9,65),
(329,18,65),
(20,0,66),
(175,9,66),
(330,18,66),
(21,0,67),
(176,9,67),
(331,18,67),
(22,0,68),
(177,9,68),
(332,18,68),
(23,0,69),
(178,9,69),
(333,18,69),
(24,0,70),
(179,9,70),
(334,18,70),
(25,0,71),
(180,9,71),
(335,18,71),
(26,0,72),
(181,9,72),
(336,18,72),
(27,0,73),
(182,9,73),
(337,18,73),
(28,0,74),
(183,9,74),
(338,18,74),
(29,0,75),
(184,9,75),
(339,18,75),
(30,0,76),
(185,9,76),
(340,18,76),
(31,0,77),
(186,9,77),
(341,18,77),
(32,0,78),
(187,9,78),
(342,18,78),
(33,0,79),
(188,9,79),
(343,18,79),
(34,0,80),
(189,9,80),
(344,18,80),
(35,0,81),
(190,9,81),
(345,18,81),
(36,1,82),
(191,10,82),
(346,19,82),
(37,1,83),
(192,10,83),
(347,19,83),
(38,1,84),
(193,10,84),
(348,19,84),
(39,1,85),
(194,10,85),
(349,19,85),
(40,1,86),
(195,10,86),
(350,19,86),
(41,1,87),
(196,10,87),
(351,19,87),
(42,1,88),
(197,10,88),
(352,19,88),
(43,1,89),
(198,10,89),
(353,19,89),
(44,2,90),
(199,11,90),
(354,20,90),
(45,2,91),
(200,11,91),
(355,20,91),
(46,2,92),
(201,11,92),
(356,20,92),
(47,2,93),
(202,11,93),
(357,20,93),
(48,2,94),
(203,11,94),
(358,20,94),
(49,2,95),
(204,11,95),
(359,20,95),
(50,2,96),
(205,11,96),
(360,20,96),
(51,2,97),
(206,11,97),
(361,20,97),
(52,2,98),
(207,11,98),
(362,20,98),
(53,2,99),
(208,11,99),
(363,20,99),
(54,2,100),
(209,11,100),
(364,0,100),
(55,2,101),
(210,11,101),
(365,20,101),
(56,2,102),
(211,11,102),
(366,20,102),
(57,2,103),
(212,11,103),
(367,20,103),
(58,1,104),
(213,10,104),
(368,19,104),
(59,1,105),
(214,10,105),
(369,19,105),
(60,1,106),
(215,10,106),
(370,19,106),
(61,1,107),
(216,10,107),
(371,19,107),
(62,1,108),
(217,10,108),
(372,19,108),
(63,1,109),
(218,10,109),
(373,19,109),
(64,4,110),
(219,13,110),
(374,22,110),
(65,4,111),
(220,13,111),
(375,22,111),
(66,4,112),
(221,13,112),
(376,22,112),
(67,4,113),
(222,13,113),
(377,22,113),
(68,4,114),
(223,13,114),
(378,22,114),
(69,5,115),
(224,14,115),
(379,23,115),
(70,5,116),
(225,14,116),
(380,23,116),
(71,5,117),
(226,14,117),
(381,23,117),
(72,5,118),
(227,14,118),
(382,23,118),
(73,5,119),
(228,14,119),
(383,23,119),
(74,5,120),
(229,14,120),
(384,23,120),
(75,5,121),
(230,14,121),
(385,23,121),
(76,5,122),
(231,14,122),
(386,23,122),
(77,5,123),
(232,14,123),
(387,23,123),
(78,5,124),
(233,14,124),
(388,23,124),
(79,0,125),
(234,9,125),
(389,18,125),
(80,0,126),
(235,9,126),
(390,18,126),
(81,0,127),
(236,9,127),
(391,18,127),
(82,0,128),
(237,9,128),
(392,18,128),
(83,0,129),
(238,9,129),
(393,18,129),
(84,0,130),
(239,9,130),
(394,18,130),
(85,0,131),
(240,9,131),
(395,18,131),
(86,0,132),
(241,9,132),
(396,18,132),
(87,0,133),
(242,9,133),
(397,18,133),
(88,0,134),
(243,9,134),
(398,18,134),
(89,0,135),
(244,9,135),
(399,18,135),
(90,0,136),
(245,9,136),
(400,18,136),
(91,0,137),
(246,9,137),
(401,18,137),
(92,0,138),
(247,9,138),
(402,18,138),
(93,0,139),
(248,9,139),
(403,18,139),
(94,0,140),
(249,9,140),
(404,18,140),
(95,0,141),
(250,9,141),
(405,18,141),
(96,0,142),
(251,9,142),
(406,18,142),
(97,0,143),
(252,9,143),
(407,18,143),
(98,0,144),
(253,9,144),
(408,18,144),
(99,0,145),
(254,9,145),
(409,18,145),
(100,0,146),
(255,9,146),
(410,18,146),
(101,0,147),
(256,9,147),
(411,18,147),
(102,0,148),
(257,9,148),
(412,18,148),
(103,0,149),
(258,9,149),
(413,18,149),
(104,0,150),
(259,9,150),
(414,18,150),
(105,0,151),
(260,9,151),
(415,18,151),
(106,0,152),
(261,9,152),
(416,18,152),
(107,0,153),
(262,9,153),
(417,18,153),
(108,0,154),
(263,9,154),
(418,18,154),
(109,0,155),
(264,9,155),
(419,18,155),
(110,0,156),
(265,9,156),
(420,18,156),
(111,0,157),
(266,9,157),
(421,18,157),
(112,0,158),
(267,9,158),
(422,18,158),
(113,0,159),
(268,9,159),
(423,18,159),
(114,0,160),
(269,9,160),
(424,18,160),
(115,0,161),
(270,9,161),
(425,18,161),
(116,0,162),
(271,9,162),
(426,18,162),
(117,0,163),
(272,9,163),
(427,18,163),
(118,0,164),
(273,9,164),
(428,18,164),
(119,0,165),
(274,9,165),
(429,18,165),
(120,0,166),
(275,9,166),
(430,18,166),
(121,0,167),
(276,9,167),
(431,18,167),
(122,0,168),
(277,9,168),
(432,18,168),
(123,0,169),
(278,9,169),
(433,18,169),
(124,0,170),
(279,9,170),
(434,18,170),
(125,0,171),
(280,9,171),
(435,18,171),
(126,0,172),
(281,9,172),
(436,18,172),
(127,0,173),
(282,9,173),
(437,18,173),
(128,0,174),
(283,9,174),
(438,18,174),
(129,0,175),
(284,9,175),
(439,18,175),
(130,0,176),
(285,9,176),
(440,18,176),
(131,0,177),
(286,9,177),
(441,18,177),
(132,0,178),
(287,9,178),
(442,18,178),
(133,3,179),
(288,12,179),
(443,21,179),
(134,3,180),
(289,12,180),
(444,21,180),
(135,3,181),
(290,12,181),
(445,21,181),
(136,3,182),
(291,12,182),
(446,21,182),
(137,3,183),
(292,12,183),
(447,21,183),
(138,3,184),
(293,12,184),
(448,21,184),
(139,3,185),
(294,12,185),
(449,21,185),
(140,3,186),
(295,12,186),
(450,21,186),
(141,3,187),
(296,12,187),
(451,21,187),
(142,3,188),
(297,12,188),
(452,21,188),
(143,3,189),
(298,12,189),
(453,21,189),
(144,3,190),
(299,12,190),
(454,21,190),
(145,3,191),
(300,12,191),
(455,21,191),
(146,7,192),
(301,16,192),
(456,25,192),
(147,7,193),
(302,16,193),
(457,25,193),
(148,7,194),
(303,16,194),
(458,25,194),
(149,7,195),
(304,16,195),
(459,25,195),
(150,7,196),
(305,16,196),
(460,25,196),
(151,7,197),
(306,16,197),
(461,25,197),
(152,7,198),
(307,16,198),
(462,25,198),
(153,7,199),
(308,16,199),
(463,25,199),
(154,7,200),
(309,16,200),
(464,25,200);
insert into teamworkplanner.turnovacacional VALUES
('01/01/2018','16/01/2018',1,2018),
('01/02/2018','16/02/2018',1,2018),
('01/03/2018','16/03/2018',1,2018),
('01/10/2018','16/10/2018',1,2018),
('01/11/2018','16/11/2018',1,2018),
('01/12/2018','16/12/2018',1,2018),
('01/04/2018','16/04/2018',0,2018),
('01/05/2018','16/05/2018',0,2018),
('01/06/2018','16/06/2018',0,2018),
('01/07/2018','16/07/2018',0,2018),
('01/08/2018','16/08/2018',0,2018),
('01/09/2018','16/09/2018',0,2018),
('01/01/2019','16/01/2019',1,2019),
('01/02/2019','16/02/2019',1,2019),
('01/03/2019','16/03/2019',1,2019),
('01/10/2019','16/10/2019',1,2019),
('01/11/2019','16/11/2019',1,2019),
('01/12/2019','16/12/2019',1,2019),
('01/04/2019','16/04/2019',0,2019),
('01/05/2019','16/05/2019',0,2019),
('01/06/2019','16/06/2019',0,2019),
('01/07/2019','16/07/2019',0,2019),
('01/08/2019','16/08/2019',0,2019),
('01/09/2019','16/09/2019',0,2019),
('01/10/2020','16/10/2020',1,2020),
('17/10/2020','30/10/2020',1,2020),
('01/11/2020','16/11/2020',1,2020),
('17/11/2020','30/11/2020',1,2020),
('01/12/2020','16/12/2020',1,2020),
('17/12/2020','30/12/2020',1,2020),
('17/06/2020','30/06/2020',0,2020),
('17/07/2020','30/07/2020',0,2020),
('01/06/2020','16/06/2020',0,2020),
('01/07/2020','16/07/2020',0,2020),
('01/08/2020','16/08/2020',0,2020),
('01/09/2020','16/09/2020',0,2020);
insert into teamworkplanner.periodovacacional VALUES
(0,'01/04/2018',0,'16/04/2018',0),
(1,'01/04/2018',0,'16/04/2018',1),
(2,'01/04/2018',0,'16/04/2018',2),
(3,'01/04/2018',0,'16/04/2018',3),
(4,'01/04/2018',0,'16/04/2018',4),
(5,'01/04/2018',0,'16/04/2018',5),
(6,'01/04/2018',0,'16/04/2018',6),
(7,'01/04/2018',0,'16/04/2018',7),
(8,'01/04/2018',0,'16/04/2018',8),
(9,'01/04/2018',0,'16/04/2018',9),
(10,'01/04/2018',0,'16/04/2018',10),
(11,'01/04/2018',0,'16/04/2018',11),
(12,'01/04/2018',0,'16/04/2018',12),
(13,'01/04/2018',0,'16/04/2018',13),
(14,'01/04/2018',0,'16/04/2018',14),
(15,'01/04/2018',0,'16/04/2018',15),
(16,'01/04/2018',0,'16/04/2018',16),
(17,'01/04/2018',0,'16/04/2018',17),
(18,'01/04/2018',0,'16/04/2018',18),
(19,'01/04/2018',0,'16/04/2018',19),
(20,'01/04/2018',0,'16/04/2018',20),
(21,'01/04/2018',0,'16/04/2018',21),
(22,'01/04/2018',0,'16/04/2018',22),
(23,'01/04/2018',0,'16/04/2018',23),
(24,'01/04/2018',0,'16/04/2018',24),
(25,'01/05/2018',0,'16/05/2018',25),
(26,'01/05/2018',0,'16/05/2018',26),
(27,'01/05/2018',0,'16/05/2018',27),
(28,'01/05/2018',0,'16/05/2018',28),
(29,'01/05/2018',0,'16/05/2018',29),
(30,'01/05/2018',0,'16/05/2018',30),
(31,'01/05/2018',0,'16/05/2018',31),
(32,'01/05/2018',0,'16/05/2018',32),
(33,'01/05/2018',0,'16/05/2018',33),
(34,'01/05/2018',0,'16/05/2018',34),
(35,'01/05/2018',0,'16/05/2018',35),
(36,'01/05/2018',0,'16/05/2018',36),
(37,'01/05/2018',0,'16/05/2018',37),
(38,'01/05/2018',0,'16/05/2018',38),
(39,'01/05/2018',0,'16/05/2018',39),
(40,'01/05/2018',0,'16/05/2018',40),
(41,'01/05/2018',0,'16/05/2018',41),
(42,'01/05/2018',0,'16/05/2018',42),
(43,'01/05/2018',0,'16/05/2018',43),
(44,'01/05/2018',0,'16/05/2018',44),
(45,'01/05/2018',0,'16/05/2018',45),
(46,'01/05/2018',0,'16/05/2018',46),
(47,'01/05/2018',0,'16/05/2018',47),
(48,'01/05/2018',0,'16/05/2018',48),
(49,'01/05/2018',0,'16/05/2018',49),
(50,'01/06/2018',0,'16/06/2018',50),
(51,'01/06/2018',0,'16/06/2018',51),
(52,'01/06/2018',0,'16/06/2018',52),
(53,'01/06/2018',0,'16/06/2018',53),
(54,'01/06/2018',0,'16/06/2018',54),
(55,'01/06/2018',0,'16/06/2018',55),
(56,'01/06/2018',0,'16/06/2018',56),
(57,'01/06/2018',0,'16/06/2018',57),
(58,'01/06/2018',0,'16/06/2018',58),
(59,'01/06/2018',0,'16/06/2018',59),
(60,'01/06/2018',0,'16/06/2018',60),
(61,'01/06/2018',0,'16/06/2018',61),
(62,'01/06/2018',0,'16/06/2018',62),
(63,'01/06/2018',0,'16/06/2018',63),
(64,'01/06/2018',0,'16/06/2018',64),
(65,'01/06/2018',0,'16/06/2018',65),
(66,'01/06/2018',0,'16/06/2018',66),
(67,'01/06/2018',0,'16/06/2018',67),
(68,'01/06/2018',0,'16/06/2018',68),
(69,'01/06/2018',0,'16/06/2018',69),
(70,'01/06/2018',0,'16/06/2018',70),
(71,'01/06/2018',0,'16/06/2018',71),
(72,'01/06/2018',0,'16/06/2018',72),
(73,'01/06/2018',0,'16/06/2018',73),
(74,'01/06/2018',0,'16/06/2018',74),
(75,'01/07/2018',0,'16/07/2018',75),
(76,'01/07/2018',0,'16/07/2018',76),
(77,'01/07/2018',0,'16/07/2018',77),
(78,'01/07/2018',0,'16/07/2018',78),
(79,'01/07/2018',0,'16/07/2018',79),
(80,'01/07/2018',0,'16/07/2018',80),
(81,'01/07/2018',0,'16/07/2018',81),
(82,'01/07/2018',0,'16/07/2018',82),
(83,'01/07/2018',0,'16/07/2018',83),
(84,'01/07/2018',0,'16/07/2018',84),
(85,'01/07/2018',0,'16/07/2018',85),
(86,'01/07/2018',0,'16/07/2018',86),
(87,'01/07/2018',0,'16/07/2018',87),
(88,'01/07/2018',0,'16/07/2018',88),
(89,'01/07/2018',0,'16/07/2018',89),
(90,'01/07/2018',0,'16/07/2018',90),
(91,'01/07/2018',0,'16/07/2018',91),
(92,'01/07/2018',0,'16/07/2018',92),
(93,'01/07/2018',0,'16/07/2018',93),
(94,'01/07/2018',0,'16/07/2018',94),
(95,'01/07/2018',0,'16/07/2018',95),
(96,'01/07/2018',0,'16/07/2018',96),
(97,'01/07/2018',0,'16/07/2018',97),
(98,'01/07/2018',0,'16/07/2018',98),
(99,'01/07/2018',0,'16/07/2018',99),
(100,'01/08/2018',0,'16/08/2018',100),
(101,'01/08/2018',0,'16/08/2018',101),
(102,'01/08/2018',0,'16/08/2018',102),
(103,'01/08/2018',0,'16/08/2018',103),
(104,'01/08/2018',0,'16/08/2018',104),
(105,'01/08/2018',0,'16/08/2018',105),
(106,'01/08/2018',0,'16/08/2018',106),
(107,'01/08/2018',0,'16/08/2018',107),
(108,'01/08/2018',0,'16/08/2018',108),
(109,'01/08/2018',0,'16/08/2018',109),
(110,'01/08/2018',0,'16/08/2018',110),
(111,'01/08/2018',0,'16/08/2018',111),
(112,'01/08/2018',0,'16/08/2018',112),
(113,'01/08/2018',0,'16/08/2018',113),
(114,'01/08/2018',0,'16/08/2018',114),
(115,'01/08/2018',0,'16/08/2018',115),
(116,'01/08/2018',0,'16/08/2018',116),
(117,'01/08/2018',0,'16/08/2018',117),
(118,'01/08/2018',0,'16/08/2018',118),
(119,'01/08/2018',0,'16/08/2018',119),
(120,'01/08/2018',0,'16/08/2018',120),
(121,'01/08/2018',0,'16/08/2018',121),
(122,'01/08/2018',0,'16/08/2018',122),
(123,'01/08/2018',0,'16/08/2018',123),
(124,'01/08/2018',0,'16/08/2018',124),
(125,'01/08/2018',0,'16/08/2018',125),
(126,'01/08/2018',0,'16/08/2018',126),
(127,'01/08/2018',0,'16/08/2018',127),
(128,'01/08/2018',0,'16/08/2018',128),
(129,'01/08/2018',0,'16/08/2018',129),
(130,'01/09/2018',0,'16/09/2018',130),
(131,'01/09/2018',0,'16/09/2018',131),
(132,'01/09/2018',0,'16/09/2018',132),
(133,'01/09/2018',0,'16/09/2018',133),
(134,'01/09/2018',0,'16/09/2018',134),
(135,'01/09/2018',0,'16/09/2018',135),
(136,'01/09/2018',0,'16/09/2018',136),
(137,'01/09/2018',0,'16/09/2018',137),
(138,'01/09/2018',0,'16/09/2018',138),
(139,'01/09/2018',0,'16/09/2018',139),
(140,'01/09/2018',0,'16/09/2018',140),
(141,'01/09/2018',0,'16/09/2018',141),
(142,'01/09/2018',0,'16/09/2018',142),
(143,'01/09/2018',0,'16/09/2018',143),
(144,'01/09/2018',0,'16/09/2018',144),
(145,'01/09/2018',0,'16/09/2018',145),
(146,'01/09/2018',0,'16/09/2018',146),
(147,'01/09/2018',0,'16/09/2018',147),
(148,'01/09/2018',0,'16/09/2018',148),
(149,'01/09/2018',0,'16/09/2018',149),
(150,'01/09/2018',0,'16/09/2018',150),
(151,'01/09/2018',0,'16/09/2018',151),
(152,'01/09/2018',0,'16/09/2018',152),
(153,'01/09/2018',0,'16/09/2018',153),
(154,'01/09/2018',0,'16/09/2018',154),
(155,'01/01/2018',1,'16/01/2018',0),
(156,'01/01/2018',1,'16/01/2018',1),
(157,'01/01/2018',1,'16/01/2018',2),
(158,'01/01/2018',1,'16/01/2018',3),
(159,'01/01/2018',1,'16/01/2018',4),
(160,'01/01/2018',1,'16/01/2018',5),
(161,'01/01/2018',1,'16/01/2018',6),
(162,'01/01/2018',1,'16/01/2018',7),
(163,'01/01/2018',1,'16/01/2018',8),
(164,'01/01/2018',1,'16/01/2018',9),
(165,'01/01/2018',1,'16/01/2018',10),
(166,'01/01/2018',1,'16/01/2018',11),
(167,'01/01/2018',1,'16/01/2018',12),
(168,'01/01/2018',1,'16/01/2018',13),
(169,'01/01/2018',1,'16/01/2018',14),
(170,'01/01/2018',1,'16/01/2018',15),
(171,'01/01/2018',1,'16/01/2018',16),
(172,'01/01/2018',1,'16/01/2018',17),
(173,'01/01/2018',1,'16/01/2018',18),
(174,'01/01/2018',1,'16/01/2018',19),
(175,'01/01/2018',1,'16/01/2018',20),
(176,'01/01/2018',1,'16/01/2018',21),
(177,'01/01/2018',1,'16/01/2018',22),
(178,'01/01/2018',1,'16/01/2018',23),
(179,'01/01/2018',1,'16/01/2018',24),
(180,'01/02/2018',1,'16/02/2018',25),
(181,'01/02/2018',1,'16/02/2018',26),
(182,'01/02/2018',1,'16/02/2018',27),
(183,'01/02/2018',1,'16/02/2018',28),
(184,'01/02/2018',1,'16/02/2018',29),
(185,'01/02/2018',1,'16/02/2018',30),
(186,'01/02/2018',1,'16/02/2018',31),
(187,'01/02/2018',1,'16/02/2018',32),
(188,'01/02/2018',1,'16/02/2018',33),
(189,'01/02/2018',1,'16/02/2018',34),
(190,'01/02/2018',1,'16/02/2018',35),
(191,'01/02/2018',1,'16/02/2018',36),
(192,'01/02/2018',1,'16/02/2018',37),
(193,'01/02/2018',1,'16/02/2018',38),
(194,'01/02/2018',1,'16/02/2018',39),
(195,'01/02/2018',1,'16/02/2018',40),
(196,'01/02/2018',1,'16/02/2018',41),
(197,'01/02/2018',1,'16/02/2018',42),
(198,'01/02/2018',1,'16/02/2018',43),
(199,'01/02/2018',1,'16/02/2018',44),
(200,'01/02/2018',1,'16/02/2018',45),
(201,'01/02/2018',1,'16/02/2018',46),
(202,'01/02/2018',1,'16/02/2018',47),
(203,'01/02/2018',1,'16/02/2018',48),
(204,'01/02/2018',1,'16/02/2018',49),
(205,'01/03/2018',1,'16/03/2018',50),
(206,'01/03/2018',1,'16/03/2018',51),
(207,'01/03/2018',1,'16/03/2018',52),
(208,'01/03/2018',1,'16/03/2018',53),
(209,'01/03/2018',1,'16/03/2018',54),
(210,'01/03/2018',1,'16/03/2018',55),
(211,'01/03/2018',1,'16/03/2018',56),
(212,'01/03/2018',1,'16/03/2018',57),
(213,'01/03/2018',1,'16/03/2018',58),
(214,'01/03/2018',1,'16/03/2018',59),
(215,'01/03/2018',1,'16/03/2018',60),
(216,'01/03/2018',1,'16/03/2018',61),
(217,'01/03/2018',1,'16/03/2018',62),
(218,'01/03/2018',1,'16/03/2018',63),
(219,'01/03/2018',1,'16/03/2018',64),
(220,'01/03/2018',1,'16/03/2018',65),
(221,'01/03/2018',1,'16/03/2018',66),
(222,'01/03/2018',1,'16/03/2018',67),
(223,'01/03/2018',1,'16/03/2018',68),
(224,'01/03/2018',1,'16/03/2018',69),
(225,'01/03/2018',1,'16/03/2018',70),
(226,'01/03/2018',1,'16/03/2018',71),
(227,'01/03/2018',1,'16/03/2018',72),
(228,'01/03/2018',1,'16/03/2018',73),
(229,'01/03/2018',1,'16/03/2018',74),
(230,'01/10/2018',1,'16/10/2018',75),
(231,'01/10/2018',1,'16/10/2018',76),
(232,'01/10/2018',1,'16/10/2018',77),
(233,'01/10/2018',1,'16/10/2018',78),
(234,'01/10/2018',1,'16/10/2018',79),
(235,'01/10/2018',1,'16/10/2018',80),
(236,'01/10/2018',1,'16/10/2018',81),
(237,'01/10/2018',1,'16/10/2018',82),
(238,'01/10/2018',1,'16/10/2018',83),
(239,'01/10/2018',1,'16/10/2018',84),
(240,'01/10/2018',1,'16/10/2018',85),
(241,'01/10/2018',1,'16/10/2018',86),
(242,'01/10/2018',1,'16/10/2018',87),
(243,'01/10/2018',1,'16/10/2018',88),
(244,'01/10/2018',1,'16/10/2018',89),
(245,'01/10/2018',1,'16/10/2018',90),
(246,'01/10/2018',1,'16/10/2018',91),
(247,'01/10/2018',1,'16/10/2018',92),
(248,'01/10/2018',1,'16/10/2018',93),
(249,'01/10/2018',1,'16/10/2018',94),
(250,'01/10/2018',1,'16/10/2018',95),
(251,'01/10/2018',1,'16/10/2018',96),
(252,'01/10/2018',1,'16/10/2018',97),
(253,'01/10/2018',1,'16/10/2018',98),
(254,'01/10/2018',1,'16/10/2018',99),
(255,'01/11/2018',1,'16/11/2018',100),
(256,'01/11/2018',1,'16/11/2018',101),
(257,'01/11/2018',1,'16/11/2018',102),
(258,'01/11/2018',1,'16/11/2018',103),
(259,'01/11/2018',1,'16/11/2018',104),
(260,'01/11/2018',1,'16/11/2018',105),
(261,'01/11/2018',1,'16/11/2018',106),
(262,'01/11/2018',1,'16/11/2018',107),
(263,'01/11/2018',1,'16/11/2018',108),
(264,'01/11/2018',1,'16/11/2018',109),
(265,'01/11/2018',1,'16/11/2018',110),
(266,'01/11/2018',1,'16/11/2018',111),
(267,'01/11/2018',1,'16/11/2018',112),
(268,'01/11/2018',1,'16/11/2018',113),
(269,'01/11/2018',1,'16/11/2018',114),
(270,'01/11/2018',1,'16/11/2018',115),
(271,'01/11/2018',1,'16/11/2018',116),
(272,'01/11/2018',1,'16/11/2018',117),
(273,'01/11/2018',1,'16/11/2018',118),
(274,'01/11/2018',1,'16/11/2018',119),
(275,'01/11/2018',1,'16/11/2018',120),
(276,'01/11/2018',1,'16/11/2018',121),
(277,'01/11/2018',1,'16/11/2018',122),
(278,'01/11/2018',1,'16/11/2018',123),
(279,'01/11/2018',1,'16/11/2018',124),
(280,'01/11/2018',1,'16/11/2018',125),
(281,'01/11/2018',1,'16/11/2018',126),
(282,'01/11/2018',1,'16/11/2018',127),
(283,'01/11/2018',1,'16/11/2018',128),
(284,'01/11/2018',1,'16/11/2018',129),
(285,'01/12/2018',1,'16/12/2018',130),
(286,'01/12/2018',1,'16/12/2018',131),
(287,'01/12/2018',1,'16/12/2018',132),
(288,'01/12/2018',1,'16/12/2018',133),
(289,'01/12/2018',1,'16/12/2018',134),
(290,'01/12/2018',1,'16/12/2018',135),
(291,'01/12/2018',1,'16/12/2018',136),
(292,'01/12/2018',1,'16/12/2018',137),
(293,'01/12/2018',1,'16/12/2018',138),
(294,'01/12/2018',1,'16/12/2018',139),
(295,'01/12/2018',1,'16/12/2018',140),
(296,'01/12/2018',1,'16/12/2018',141),
(297,'01/12/2018',1,'16/12/2018',142),
(298,'01/12/2018',1,'16/12/2018',143),
(299,'01/12/2018',1,'16/12/2018',144),
(300,'01/12/2018',1,'16/12/2018',145),
(301,'01/12/2018',1,'16/12/2018',146),
(302,'01/12/2018',1,'16/12/2018',147),
(303,'01/12/2018',1,'16/12/2018',148),
(304,'01/12/2018',1,'16/12/2018',149),
(305,'01/12/2018',1,'16/12/2018',150),
(306,'01/12/2018',1,'16/12/2018',151),
(307,'01/12/2018',1,'16/12/2018',152),
(308,'01/12/2018',1,'16/12/2018',153),
(309,'01/12/2018',1,'16/12/2018',154),
(310,'01/04/2019',0,'16/04/2019',309),
(311,'01/04/2019',0,'16/04/2019',308),
(312,'01/04/2019',0,'16/04/2019',307),
(313,'01/04/2019',0,'16/04/2019',306),
(314,'01/04/2019',0,'16/04/2019',305),
(315,'01/04/2019',0,'16/04/2019',304),
(316,'01/04/2019',0,'16/04/2019',303),
(317,'01/04/2019',0,'16/04/2019',302),
(318,'01/04/2019',0,'16/04/2019',301),
(319,'01/04/2019',0,'16/04/2019',300),
(320,'01/04/2019',0,'16/04/2019',299),
(321,'01/04/2019',0,'16/04/2019',298),
(322,'01/04/2019',0,'16/04/2019',297),
(323,'01/04/2019',0,'16/04/2019',296),
(324,'01/04/2019',0,'16/04/2019',295),
(325,'01/04/2019',0,'16/04/2019',294),
(326,'01/04/2019',0,'16/04/2019',293),
(327,'01/04/2019',0,'16/04/2019',292),
(328,'01/04/2019',0,'16/04/2019',291),
(329,'01/04/2019',0,'16/04/2019',290),
(330,'01/04/2019',0,'16/04/2019',289),
(331,'01/04/2019',0,'16/04/2019',288),
(332,'01/04/2019',0,'16/04/2019',287),
(333,'01/04/2019',0,'16/04/2019',286),
(334,'01/04/2019',0,'16/04/2019',285),
(335,'01/05/2019',0,'16/05/2019',284),
(336,'01/05/2019',0,'16/05/2019',283),
(337,'01/05/2019',0,'16/05/2019',282),
(338,'01/05/2019',0,'16/05/2019',281),
(339,'01/05/2019',0,'16/05/2019',280),
(340,'01/05/2019',0,'16/05/2019',279),
(341,'01/05/2019',0,'16/05/2019',278),
(342,'01/05/2019',0,'16/05/2019',277),
(343,'01/05/2019',0,'16/05/2019',276),
(344,'01/05/2019',0,'16/05/2019',275),
(345,'01/05/2019',0,'16/05/2019',274),
(346,'01/05/2019',0,'16/05/2019',273),
(347,'01/05/2019',0,'16/05/2019',272),
(348,'01/05/2019',0,'16/05/2019',271),
(349,'01/05/2019',0,'16/05/2019',270),
(350,'01/05/2019',0,'16/05/2019',269),
(351,'01/05/2019',0,'16/05/2019',268),
(352,'01/05/2019',0,'16/05/2019',267),
(353,'01/05/2019',0,'16/05/2019',266),
(354,'01/05/2019',0,'16/05/2019',265),
(355,'01/05/2019',0,'16/05/2019',264),
(356,'01/05/2019',0,'16/05/2019',263),
(357,'01/05/2019',0,'16/05/2019',262),
(358,'01/05/2019',0,'16/05/2019',261),
(359,'01/05/2019',0,'16/05/2019',260),
(360,'01/06/2019',0,'16/06/2019',259),
(361,'01/06/2019',0,'16/06/2019',258),
(362,'01/06/2019',0,'16/06/2019',257),
(363,'01/06/2019',0,'16/06/2019',256),
(364,'01/06/2019',0,'16/06/2019',255),
(365,'01/06/2019',0,'16/06/2019',254),
(366,'01/06/2019',0,'16/06/2019',253),
(367,'01/06/2019',0,'16/06/2019',252),
(368,'01/06/2019',0,'16/06/2019',251),
(369,'01/06/2019',0,'16/06/2019',250),
(370,'01/06/2019',0,'16/06/2019',249),
(371,'01/06/2019',0,'16/06/2019',248),
(372,'01/06/2019',0,'16/06/2019',247),
(373,'01/06/2019',0,'16/06/2019',246),
(374,'01/06/2019',0,'16/06/2019',245),
(375,'01/06/2019',0,'16/06/2019',244),
(376,'01/06/2019',0,'16/06/2019',243),
(377,'01/06/2019',0,'16/06/2019',242),
(378,'01/06/2019',0,'16/06/2019',241),
(379,'01/06/2019',0,'16/06/2019',240),
(380,'01/06/2019',0,'16/06/2019',239),
(381,'01/06/2019',0,'16/06/2019',238),
(382,'01/06/2019',0,'16/06/2019',237),
(383,'01/06/2019',0,'16/06/2019',236),
(384,'01/06/2019',0,'16/06/2019',235),
(385,'01/07/2019',0,'16/07/2019',234),
(386,'01/07/2019',0,'16/07/2019',233),
(387,'01/07/2019',0,'16/07/2019',232),
(388,'01/07/2019',0,'16/07/2019',231),
(389,'01/07/2019',0,'16/07/2019',230),
(390,'01/07/2019',0,'16/07/2019',229),
(391,'01/07/2019',0,'16/07/2019',228),
(392,'01/07/2019',0,'16/07/2019',227),
(393,'01/07/2019',0,'16/07/2019',226),
(394,'01/07/2019',0,'16/07/2019',225),
(395,'01/07/2019',0,'16/07/2019',224),
(396,'01/07/2019',0,'16/07/2019',223),
(397,'01/07/2019',0,'16/07/2019',222),
(398,'01/07/2019',0,'16/07/2019',221),
(399,'01/07/2019',0,'16/07/2019',220),
(400,'01/07/2019',0,'16/07/2019',219),
(401,'01/07/2019',0,'16/07/2019',218),
(402,'01/07/2019',0,'16/07/2019',217),
(403,'01/07/2019',0,'16/07/2019',216),
(404,'01/07/2019',0,'16/07/2019',215),
(405,'01/07/2019',0,'16/07/2019',214),
(406,'01/07/2019',0,'16/07/2019',213),
(407,'01/07/2019',0,'16/07/2019',212),
(408,'01/07/2019',0,'16/07/2019',211),
(409,'01/07/2019',0,'16/07/2019',210),
(410,'01/08/2019',0,'16/08/2019',209),
(411,'01/08/2019',0,'16/08/2019',208),
(412,'01/08/2019',0,'16/08/2019',207),
(413,'01/08/2019',0,'16/08/2019',206),
(414,'01/08/2019',0,'16/08/2019',205),
(415,'01/08/2019',0,'16/08/2019',204),
(416,'01/08/2019',0,'16/08/2019',203),
(417,'01/08/2019',0,'16/08/2019',202),
(418,'01/08/2019',0,'16/08/2019',201),
(419,'01/08/2019',0,'16/08/2019',200),
(420,'01/08/2019',0,'16/08/2019',199),
(421,'01/08/2019',0,'16/08/2019',198),
(422,'01/08/2019',0,'16/08/2019',197),
(423,'01/08/2019',0,'16/08/2019',196),
(424,'01/08/2019',0,'16/08/2019',195),
(425,'01/08/2019',0,'16/08/2019',194),
(426,'01/08/2019',0,'16/08/2019',193),
(427,'01/08/2019',0,'16/08/2019',192),
(428,'01/08/2019',0,'16/08/2019',191),
(429,'01/08/2019',0,'16/08/2019',190),
(430,'01/08/2019',0,'16/08/2019',189),
(431,'01/08/2019',0,'16/08/2019',188),
(432,'01/08/2019',0,'16/08/2019',187),
(433,'01/08/2019',0,'16/08/2019',186),
(434,'01/08/2019',0,'16/08/2019',185),
(435,'01/08/2019',0,'16/08/2019',184),
(436,'01/08/2019',0,'16/08/2019',183),
(437,'01/08/2019',0,'16/08/2019',182),
(438,'01/08/2019',0,'16/08/2019',181),
(439,'01/08/2019',0,'16/08/2019',180),
(440,'01/09/2019',0,'16/09/2019',179),
(441,'01/09/2019',0,'16/09/2019',178),
(442,'01/09/2019',0,'16/09/2019',177),
(443,'01/09/2019',0,'16/09/2019',176),
(444,'01/09/2019',0,'16/09/2019',175),
(445,'01/09/2019',0,'16/09/2019',174),
(446,'01/09/2019',0,'16/09/2019',173),
(447,'01/09/2019',0,'16/09/2019',172),
(448,'01/09/2019',0,'16/09/2019',171),
(449,'01/09/2019',0,'16/09/2019',170),
(450,'01/09/2019',0,'16/09/2019',169),
(451,'01/09/2019',0,'16/09/2019',168),
(452,'01/09/2019',0,'16/09/2019',167),
(453,'01/09/2019',0,'16/09/2019',166),
(454,'01/09/2019',0,'16/09/2019',165),
(455,'01/09/2019',0,'16/09/2019',164),
(456,'01/09/2019',0,'16/09/2019',163),
(457,'01/09/2019',0,'16/09/2019',162),
(458,'01/09/2019',0,'16/09/2019',161),
(459,'01/09/2019',0,'16/09/2019',160),
(460,'01/09/2019',0,'16/09/2019',159),
(461,'01/09/2019',0,'16/09/2019',158),
(462,'01/09/2019',0,'16/09/2019',157),
(463,'01/09/2019',0,'16/09/2019',156),
(464,'01/09/2019',0,'16/09/2019',155),
(465,'01/01/2019',1,'16/01/2019',309),
(466,'01/01/2019',1,'16/01/2019',308),
(467,'01/01/2019',1,'16/01/2019',307),
(468,'01/01/2019',1,'16/01/2019',306),
(469,'01/01/2019',1,'16/01/2019',305),
(470,'01/01/2019',1,'16/01/2019',304),
(471,'01/01/2019',1,'16/01/2019',303),
(472,'01/01/2019',1,'16/01/2019',302),
(473,'01/01/2019',1,'16/01/2019',301),
(474,'01/01/2019',1,'16/01/2019',300),
(475,'01/01/2019',1,'16/01/2019',299),
(476,'01/01/2019',1,'16/01/2019',298),
(477,'01/01/2019',1,'16/01/2019',297),
(478,'01/01/2019',1,'16/01/2019',296),
(479,'01/01/2019',1,'16/01/2019',295),
(480,'01/01/2019',1,'16/01/2019',294),
(481,'01/01/2019',1,'16/01/2019',293),
(482,'01/01/2019',1,'16/01/2019',292),
(483,'01/01/2019',1,'16/01/2019',291),
(484,'01/01/2019',1,'16/01/2019',290),
(485,'01/01/2019',1,'16/01/2019',289),
(486,'01/01/2019',1,'16/01/2019',288),
(487,'01/01/2019',1,'16/01/2019',287),
(488,'01/01/2019',1,'16/01/2019',286),
(489,'01/01/2019',1,'16/01/2019',285),
(490,'01/02/2019',1,'16/02/2019',284),
(491,'01/02/2019',1,'16/02/2019',283),
(492,'01/02/2019',1,'16/02/2019',282),
(493,'01/02/2019',1,'16/02/2019',281),
(494,'01/02/2019',1,'16/02/2019',280),
(495,'01/02/2019',1,'16/02/2019',279),
(496,'01/02/2019',1,'16/02/2019',278),
(497,'01/02/2019',1,'16/02/2019',277),
(498,'01/02/2019',1,'16/02/2019',276),
(499,'01/02/2019',1,'16/02/2019',275),
(500,'01/02/2019',1,'16/02/2019',274),
(501,'01/02/2019',1,'16/02/2019',273),
(502,'01/02/2019',1,'16/02/2019',272),
(503,'01/02/2019',1,'16/02/2019',271),
(504,'01/02/2019',1,'16/02/2019',270),
(505,'01/02/2019',1,'16/02/2019',269),
(506,'01/02/2019',1,'16/02/2019',268),
(507,'01/02/2019',1,'16/02/2019',267),
(508,'01/02/2019',1,'16/02/2019',266),
(509,'01/02/2019',1,'16/02/2019',265),
(510,'01/02/2019',1,'16/02/2019',264),
(511,'01/02/2019',1,'16/02/2019',263),
(512,'01/02/2019',1,'16/02/2019',262),
(513,'01/02/2019',1,'16/02/2019',261),
(514,'01/02/2019',1,'16/02/2019',260),
(515,'01/03/2019',1,'16/03/2019',259),
(516,'01/03/2019',1,'16/03/2019',258),
(517,'01/03/2019',1,'16/03/2019',257),
(518,'01/03/2019',1,'16/03/2019',256),
(519,'01/03/2019',1,'16/03/2019',255),
(520,'01/03/2019',1,'16/03/2019',254),
(521,'01/03/2019',1,'16/03/2019',253),
(522,'01/03/2019',1,'16/03/2019',252),
(523,'01/03/2019',1,'16/03/2019',251),
(524,'01/03/2019',1,'16/03/2019',250),
(525,'01/03/2019',1,'16/03/2019',249),
(526,'01/03/2019',1,'16/03/2019',248),
(527,'01/03/2019',1,'16/03/2019',247),
(528,'01/03/2019',1,'16/03/2019',246),
(529,'01/03/2019',1,'16/03/2019',245),
(530,'01/03/2019',1,'16/03/2019',244),
(531,'01/03/2019',1,'16/03/2019',243),
(532,'01/03/2019',1,'16/03/2019',242),
(533,'01/03/2019',1,'16/03/2019',241),
(534,'01/03/2019',1,'16/03/2019',240),
(535,'01/03/2019',1,'16/03/2019',239),
(536,'01/03/2019',1,'16/03/2019',238),
(537,'01/03/2019',1,'16/03/2019',237),
(538,'01/03/2019',1,'16/03/2019',236),
(539,'01/03/2019',1,'16/03/2019',235),
(540,'01/10/2019',1,'16/10/2019',234),
(541,'01/10/2019',1,'16/10/2019',233),
(542,'01/10/2019',1,'16/10/2019',232),
(543,'01/10/2019',1,'16/10/2019',231),
(544,'01/10/2019',1,'16/10/2019',230),
(545,'01/10/2019',1,'16/10/2019',229),
(546,'01/10/2019',1,'16/10/2019',228),
(547,'01/10/2019',1,'16/10/2019',227),
(548,'01/10/2019',1,'16/10/2019',226),
(549,'01/10/2019',1,'16/10/2019',225),
(550,'01/10/2019',1,'16/10/2019',224),
(551,'01/10/2019',1,'16/10/2019',223),
(552,'01/10/2019',1,'16/10/2019',222),
(553,'01/10/2019',1,'16/10/2019',221),
(554,'01/10/2019',1,'16/10/2019',220),
(555,'01/10/2019',1,'16/10/2019',219),
(556,'01/10/2019',1,'16/10/2019',218),
(557,'01/10/2019',1,'16/10/2019',217),
(558,'01/10/2019',1,'16/10/2019',216),
(559,'01/10/2019',1,'16/10/2019',215),
(560,'01/10/2019',1,'16/10/2019',214),
(561,'01/10/2019',1,'16/10/2019',213),
(562,'01/10/2019',1,'16/10/2019',212),
(563,'01/10/2019',1,'16/10/2019',211),
(564,'01/10/2019',1,'16/10/2019',210),
(565,'01/11/2019',1,'16/11/2019',209),
(566,'01/11/2019',1,'16/11/2019',208),
(567,'01/11/2019',1,'16/11/2019',207),
(568,'01/11/2019',1,'16/11/2019',206),
(569,'01/11/2019',1,'16/11/2019',205),
(570,'01/11/2019',1,'16/11/2019',204),
(571,'01/11/2019',1,'16/11/2019',203),
(572,'01/11/2019',1,'16/11/2019',202),
(573,'01/11/2019',1,'16/11/2019',201),
(574,'01/11/2019',1,'16/11/2019',200),
(575,'01/11/2019',1,'16/11/2019',199),
(576,'01/11/2019',1,'16/11/2019',198),
(577,'01/11/2019',1,'16/11/2019',197),
(578,'01/11/2019',1,'16/11/2019',196),
(579,'01/11/2019',1,'16/11/2019',195),
(580,'01/11/2019',1,'16/11/2019',194),
(581,'01/11/2019',1,'16/11/2019',193),
(582,'01/11/2019',1,'16/11/2019',192),
(583,'01/11/2019',1,'16/11/2019',191),
(584,'01/11/2019',1,'16/11/2019',190),
(585,'01/11/2019',1,'16/11/2019',189),
(586,'01/11/2019',1,'16/11/2019',188),
(587,'01/11/2019',1,'16/11/2019',187),
(588,'01/11/2019',1,'16/11/2019',186),
(589,'01/11/2019',1,'16/11/2019',185),
(590,'01/11/2019',1,'16/11/2019',184),
(591,'01/11/2019',1,'16/11/2019',183),
(592,'01/11/2019',1,'16/11/2019',182),
(593,'01/11/2019',1,'16/11/2019',181),
(594,'01/11/2019',1,'16/11/2019',180),
(595,'01/12/2019',1,'16/12/2019',179),
(596,'01/12/2019',1,'16/12/2019',178),
(597,'01/12/2019',1,'16/12/2019',177),
(598,'01/12/2019',1,'16/12/2019',176),
(599,'01/12/2019',1,'16/12/2019',175),
(600,'01/12/2019',1,'16/12/2019',174),
(601,'01/12/2019',1,'16/12/2019',173),
(602,'01/12/2019',1,'16/12/2019',172),
(603,'01/12/2019',1,'16/12/2019',171),
(604,'01/12/2019',1,'16/12/2019',170),
(605,'01/12/2019',1,'16/12/2019',169),
(606,'01/12/2019',1,'16/12/2019',168),
(607,'01/12/2019',1,'16/12/2019',167),
(608,'01/12/2019',1,'16/12/2019',166),
(609,'01/12/2019',1,'16/12/2019',165),
(610,'01/12/2019',1,'16/12/2019',164),
(611,'01/12/2019',1,'16/12/2019',163),
(612,'01/12/2019',1,'16/12/2019',162),
(613,'01/12/2019',1,'16/12/2019',161),
(614,'01/12/2019',1,'16/12/2019',160),
(615,'01/12/2019',1,'16/12/2019',159),
(616,'01/12/2019',1,'16/12/2019',158),
(617,'01/12/2019',1,'16/12/2019',157),
(618,'01/12/2019',1,'16/12/2019',156),
(619,'01/12/2019',1,'16/12/2019',155),
(620,'01/06/2020',0,'16/06/2020',464),
(621,'01/06/2020',0,'16/06/2020',463),
(622,'01/06/2020',0,'16/06/2020',462),
(623,'01/06/2020',0,'16/06/2020',446),
(624,'01/06/2020',0,'16/06/2020',445),
(625,'01/06/2020',0,'16/06/2020',444),
(626,'01/06/2020',0,'16/06/2020',443),
(627,'01/06/2020',0,'16/06/2020',442),
(628,'01/06/2020',0,'16/06/2020',441),
(629,'01/06/2020',0,'16/06/2020',440),
(630,'01/06/2020',0,'16/06/2020',439),
(631,'01/06/2020',0,'16/06/2020',438),
(632,'01/06/2020',0,'16/06/2020',437),
(633,'01/06/2020',0,'16/06/2020',436),
(634,'01/06/2020',0,'16/06/2020',435),
(635,'01/06/2020',0,'16/06/2020',434),
(636,'01/06/2020',0,'16/06/2020',433),
(637,'01/06/2020',0,'16/06/2020',432),
(638,'01/06/2020',0,'16/06/2020',431),
(639,'01/06/2020',0,'16/06/2020',430),
(640,'01/06/2020',0,'16/06/2020',429),
(641,'01/06/2020',0,'16/06/2020',428),
(642,'01/06/2020',0,'16/06/2020',427),
(643,'01/06/2020',0,'16/06/2020',426),
(644,'01/06/2020',0,'16/06/2020',425),
(645,'17/06/2020',0,'30/06/2020',360),
(646,'17/06/2020',0,'30/06/2020',361),
(647,'17/06/2020',0,'30/06/2020',362),
(648,'17/06/2020',0,'30/06/2020',363),
(649,'17/06/2020',0,'30/06/2020',364),
(650,'17/06/2020',0,'30/06/2020',365),
(651,'17/06/2020',0,'30/06/2020',366),
(652,'17/06/2020',0,'30/06/2020',367),
(653,'17/06/2020',0,'30/06/2020',368),
(654,'17/06/2020',0,'30/06/2020',369),
(655,'17/06/2020',0,'30/06/2020',370),
(656,'17/06/2020',0,'30/06/2020',371),
(657,'17/06/2020',0,'30/06/2020',372),
(658,'17/06/2020',0,'30/06/2020',373),
(659,'17/06/2020',0,'30/06/2020',374),
(660,'17/06/2020',0,'30/06/2020',375),
(661,'17/06/2020',0,'30/06/2020',376),
(662,'17/06/2020',0,'30/06/2020',377),
(663,'17/06/2020',0,'30/06/2020',378),
(664,'17/06/2020',0,'30/06/2020',447),
(665,'17/06/2020',0,'30/06/2020',448),
(666,'17/06/2020',0,'30/06/2020',449),
(667,'17/06/2020',0,'30/06/2020',450),
(668,'17/06/2020',0,'30/06/2020',451),
(669,'17/06/2020',0,'30/06/2020',452),
(670,'01/07/2020',0,'16/07/2020',453),
(671,'01/07/2020',0,'16/07/2020',454),
(672,'01/07/2020',0,'16/07/2020',455),
(673,'01/07/2020',0,'16/07/2020',456),
(674,'01/07/2020',0,'16/07/2020',457),
(675,'01/07/2020',0,'16/07/2020',458),
(676,'01/07/2020',0,'16/07/2020',459),
(677,'01/07/2020',0,'16/07/2020',460),
(678,'01/07/2020',0,'16/07/2020',461),
(679,'01/07/2020',0,'16/07/2020',424),
(680,'01/07/2020',0,'16/07/2020',423),
(681,'01/07/2020',0,'16/07/2020',422),
(682,'01/07/2020',0,'16/07/2020',421),
(683,'01/07/2020',0,'16/07/2020',420),
(684,'01/07/2020',0,'16/07/2020',419),
(685,'01/07/2020',0,'16/07/2020',418),
(686,'01/07/2020',0,'16/07/2020',417),
(687,'01/07/2020',0,'16/07/2020',416),
(688,'01/07/2020',0,'16/07/2020',415),
(689,'01/07/2020',0,'16/07/2020',414),
(690,'01/07/2020',0,'16/07/2020',413),
(691,'01/07/2020',0,'16/07/2020',412),
(692,'01/07/2020',0,'16/07/2020',411),
(693,'01/07/2020',0,'16/07/2020',410),
(694,'01/07/2020',0,'16/07/2020',409),
(695,'01/08/2020',0,'16/08/2020',408),
(696,'01/08/2020',0,'16/08/2020',407),
(697,'01/08/2020',0,'16/08/2020',406),
(698,'01/08/2020',0,'16/08/2020',405),
(699,'01/08/2020',0,'16/08/2020',404),
(700,'01/08/2020',0,'16/08/2020',403),
(701,'01/08/2020',0,'16/08/2020',402),
(702,'01/08/2020',0,'16/08/2020',401),
(703,'01/08/2020',0,'16/08/2020',400),
(704,'01/08/2020',0,'16/08/2020',399),
(705,'01/08/2020',0,'16/08/2020',398),
(706,'01/08/2020',0,'16/08/2020',397),
(707,'01/08/2020',0,'16/08/2020',396),
(708,'01/08/2020',0,'16/08/2020',395),
(709,'01/08/2020',0,'16/08/2020',394),
(710,'01/08/2020',0,'16/08/2020',393),
(711,'01/08/2020',0,'16/08/2020',392),
(712,'01/08/2020',0,'16/08/2020',391),
(713,'01/08/2020',0,'16/08/2020',390),
(714,'01/08/2020',0,'16/08/2020',389),
(715,'01/08/2020',0,'16/08/2020',388),
(716,'01/08/2020',0,'16/08/2020',387),
(717,'01/08/2020',0,'16/08/2020',386),
(718,'01/08/2020',0,'16/08/2020',385),
(719,'01/08/2020',0,'16/08/2020',359),
(720,'01/08/2020',0,'16/08/2020',358),
(721,'01/08/2020',0,'16/08/2020',357),
(722,'01/08/2020',0,'16/08/2020',356),
(723,'01/08/2020',0,'16/08/2020',355),
(724,'01/08/2020',0,'16/08/2020',354),
(725,'01/08/2020',0,'16/08/2020',353),
(726,'01/08/2020',0,'16/08/2020',352),
(727,'01/08/2020',0,'16/08/2020',351),
(728,'01/08/2020',0,'16/08/2020',350),
(729,'01/08/2020',0,'16/08/2020',349),
(730,'01/08/2020',0,'16/08/2020',348),
(731,'01/08/2020',0,'16/08/2020',347),
(732,'01/08/2020',0,'16/08/2020',346),
(733,'01/08/2020',0,'16/08/2020',345),
(734,'01/08/2020',0,'16/08/2020',344),
(735,'01/08/2020',0,'16/08/2020',343),
(736,'01/08/2020',0,'16/08/2020',342),
(737,'01/08/2020',0,'16/08/2020',341),
(738,'01/08/2020',0,'16/08/2020',340),
(739,'01/08/2020',0,'16/08/2020',339),
(740,'01/08/2020',0,'16/08/2020',338),
(741,'01/08/2020',0,'16/08/2020',337),
(742,'01/08/2020',0,'16/08/2020',336),
(743,'01/08/2020',0,'16/08/2020',335),
(744,'01/08/2020',0,'16/08/2020',334),
(745,'01/08/2020',0,'16/08/2020',333),
(746,'01/08/2020',0,'16/08/2020',332),
(747,'01/08/2020',0,'16/08/2020',331),
(748,'01/08/2020',0,'16/08/2020',330),
(749,'01/08/2020',0,'16/08/2020',329),
(750,'01/08/2020',0,'16/08/2020',328),
(751,'01/08/2020',0,'16/08/2020',327),
(752,'01/08/2020',0,'16/08/2020',326),
(753,'01/08/2020',0,'16/08/2020',325),
(754,'01/08/2020',0,'16/08/2020',324),
(755,'01/08/2020',0,'16/08/2020',323),
(756,'01/08/2020',0,'16/08/2020',322),
(757,'01/08/2020',0,'16/08/2020',321),
(758,'01/08/2020',0,'16/08/2020',320),
(759,'01/09/2020',0,'16/09/2020',319),
(760,'01/09/2020',0,'16/09/2020',379),
(761,'01/09/2020',0,'16/09/2020',380),
(762,'01/09/2020',0,'16/09/2020',381),
(763,'01/09/2020',0,'16/09/2020',382),
(764,'01/09/2020',0,'16/09/2020',383),
(765,'01/09/2020',0,'16/09/2020',384),
(766,'01/09/2020',0,'16/09/2020',310),
(767,'01/09/2020',0,'16/09/2020',311),
(768,'01/09/2020',0,'16/09/2020',312),
(769,'01/09/2020',0,'16/09/2020',313),
(770,'01/09/2020',0,'16/09/2020',314),
(771,'01/09/2020',0,'16/09/2020',315),
(772,'01/09/2020',0,'16/09/2020',316),
(773,'01/09/2020',0,'16/09/2020',317),
(774,'01/09/2020',0,'16/09/2020',318),
(775,'01/10/2020',1,'16/10/2020',385),
(776,'01/10/2020',1,'16/10/2020',386),
(777,'01/10/2020',1,'16/10/2020',387),
(778,'01/10/2020',1,'16/10/2020',388),
(779,'01/10/2020',1,'16/10/2020',389),
(780,'01/10/2020',1,'16/10/2020',390),
(781,'01/10/2020',1,'16/10/2020',391),
(782,'01/10/2020',1,'16/10/2020',392),
(783,'01/10/2020',1,'16/10/2020',393),
(784,'01/10/2020',1,'16/10/2020',394),
(785,'01/10/2020',1,'16/10/2020',395),
(786,'01/10/2020',1,'16/10/2020',396),
(787,'01/10/2020',1,'16/10/2020',397),
(788,'01/10/2020',1,'16/10/2020',398),
(789,'01/10/2020',1,'16/10/2020',399),
(790,'01/10/2020',1,'16/10/2020',400),
(791,'01/10/2020',1,'16/10/2020',422),
(792,'01/10/2020',1,'16/10/2020',421),
(793,'01/10/2020',1,'16/10/2020',420),
(794,'01/10/2020',1,'16/10/2020',419),
(795,'01/10/2020',1,'16/10/2020',418),
(796,'01/10/2020',1,'16/10/2020',417),
(797,'01/10/2020',1,'16/10/2020',416),
(798,'01/10/2020',1,'16/10/2020',415),
(799,'01/10/2020',1,'16/10/2020',414),
(800,'17/10/2020',1,'30/10/2020',413),
(801,'17/10/2020',1,'30/10/2020',412),
(802,'17/10/2020',1,'30/10/2020',411),
(803,'17/10/2020',1,'30/10/2020',410),
(804,'17/10/2020',1,'30/10/2020',409),
(805,'17/10/2020',1,'30/10/2020',408),
(806,'17/10/2020',1,'30/10/2020',407),
(807,'17/10/2020',1,'30/10/2020',406),
(808,'17/10/2020',1,'30/10/2020',405),
(809,'17/10/2020',1,'30/10/2020',404),
(810,'17/10/2020',1,'30/10/2020',403),
(811,'17/10/2020',1,'30/10/2020',402),
(812,'17/10/2020',1,'30/10/2020',401),
(813,'17/10/2020',1,'30/10/2020',384),
(814,'17/10/2020',1,'30/10/2020',383),
(815,'17/10/2020',1,'30/10/2020',382),
(816,'17/10/2020',1,'30/10/2020',381),
(817,'17/10/2020',1,'30/10/2020',380),
(818,'17/10/2020',1,'30/10/2020',379),
(819,'17/10/2020',1,'30/10/2020',378),
(820,'17/10/2020',1,'30/10/2020',377),
(821,'17/10/2020',1,'30/10/2020',376),
(822,'17/10/2020',1,'30/10/2020',375),
(823,'17/10/2020',1,'30/10/2020',374),
(824,'17/10/2020',1,'30/10/2020',373),
(825,'01/11/2020',1,'16/11/2020',372),
(826,'01/11/2020',1,'16/11/2020',371),
(827,'01/11/2020',1,'16/11/2020',370),
(828,'01/11/2020',1,'16/11/2020',369),
(829,'01/11/2020',1,'16/11/2020',368),
(830,'01/11/2020',1,'16/11/2020',367),
(831,'01/11/2020',1,'16/11/2020',366),
(832,'01/11/2020',1,'16/11/2020',365),
(833,'01/11/2020',1,'16/11/2020',364),
(834,'01/11/2020',1,'16/11/2020',363),
(835,'01/11/2020',1,'16/11/2020',362),
(836,'01/11/2020',1,'16/11/2020',361),
(837,'01/11/2020',1,'16/11/2020',360),
(838,'01/11/2020',1,'16/11/2020',423),
(839,'01/11/2020',1,'16/11/2020',424),
(840,'01/11/2020',1,'16/11/2020',425),
(841,'01/11/2020',1,'16/11/2020',426),
(842,'01/11/2020',1,'16/11/2020',427),
(843,'01/11/2020',1,'16/11/2020',428),
(844,'01/11/2020',1,'16/11/2020',429),
(845,'01/11/2020',1,'16/11/2020',430),
(846,'01/11/2020',1,'16/11/2020',431),
(847,'01/11/2020',1,'16/11/2020',432),
(848,'01/11/2020',1,'16/11/2020',433),
(849,'01/11/2020',1,'16/11/2020',434),
(850,'01/11/2020',1,'16/11/2020',435),
(851,'01/11/2020',1,'16/11/2020',436),
(852,'01/11/2020',1,'16/11/2020',437),
(853,'01/11/2020',1,'16/11/2020',438),
(854,'01/11/2020',1,'16/11/2020',439),
(855,'17/11/2020',1,'30/11/2020',310),
(856,'17/11/2020',1,'30/11/2020',311),
(857,'17/11/2020',1,'30/11/2020',312),
(858,'17/11/2020',1,'30/11/2020',313),
(859,'17/11/2020',1,'30/11/2020',314),
(860,'17/11/2020',1,'30/11/2020',315),
(861,'17/11/2020',1,'30/11/2020',316),
(862,'17/11/2020',1,'30/11/2020',317),
(863,'17/11/2020',1,'30/11/2020',318),
(864,'17/11/2020',1,'30/11/2020',319),
(865,'17/11/2020',1,'30/11/2020',320),
(866,'17/11/2020',1,'30/11/2020',321),
(867,'17/11/2020',1,'30/11/2020',322),
(868,'17/11/2020',1,'30/11/2020',323),
(869,'17/11/2020',1,'30/11/2020',324),
(870,'17/11/2020',1,'30/11/2020',325),
(871,'17/11/2020',1,'30/11/2020',326),
(872,'17/11/2020',1,'30/11/2020',327),
(873,'17/11/2020',1,'30/11/2020',328),
(874,'17/11/2020',1,'30/11/2020',329),
(875,'17/11/2020',1,'30/11/2020',330),
(876,'17/11/2020',1,'30/11/2020',331),
(877,'17/11/2020',1,'30/11/2020',332),
(878,'17/11/2020',1,'30/11/2020',333),
(879,'17/11/2020',1,'30/11/2020',334),
(880,'01/12/2020',1,'16/12/2020',440),
(881,'01/12/2020',1,'16/12/2020',441),
(882,'01/12/2020',1,'16/12/2020',442),
(883,'01/12/2020',1,'16/12/2020',443),
(884,'01/12/2020',1,'16/12/2020',444),
(885,'01/12/2020',1,'16/12/2020',445),
(886,'01/12/2020',1,'16/12/2020',446),
(887,'01/12/2020',1,'16/12/2020',447),
(888,'01/12/2020',1,'16/12/2020',448),
(889,'01/12/2020',1,'16/12/2020',449),
(890,'01/12/2020',1,'16/12/2020',450),
(891,'01/12/2020',1,'16/12/2020',451),
(892,'01/12/2020',1,'16/12/2020',452),
(893,'01/12/2020',1,'16/12/2020',453),
(894,'01/12/2020',1,'16/12/2020',454),
(895,'01/12/2020',1,'16/12/2020',455),
(896,'01/12/2020',1,'16/12/2020',456),
(897,'01/12/2020',1,'16/12/2020',457),
(898,'01/12/2020',1,'16/12/2020',458),
(899,'01/12/2020',1,'16/12/2020',459),
(900,'01/12/2020',1,'16/12/2020',460),
(901,'01/12/2020',1,'16/12/2020',461),
(902,'01/12/2020',1,'16/12/2020',462),
(903,'01/12/2020',1,'16/12/2020',463),
(904,'01/12/2020',1,'16/12/2020',464),
(905,'17/12/2020',1,'30/12/2020',335),
(906,'17/12/2020',1,'30/12/2020',336),
(907,'17/12/2020',1,'30/12/2020',337),
(908,'17/12/2020',1,'30/12/2020',338),
(909,'17/12/2020',1,'30/12/2020',339),
(910,'17/12/2020',1,'30/12/2020',340),
(911,'17/12/2020',1,'30/12/2020',341),
(912,'17/12/2020',1,'30/12/2020',342),
(913,'17/12/2020',1,'30/12/2020',343),
(914,'17/12/2020',1,'30/12/2020',344),
(915,'17/12/2020',1,'30/12/2020',345),
(916,'17/12/2020',1,'30/12/2020',346),
(917,'17/12/2020',1,'30/12/2020',347),
(918,'17/12/2020',1,'30/12/2020',348),
(919,'17/12/2020',1,'30/12/2020',349),
(920,'17/12/2020',1,'30/12/2020',350),
(921,'17/12/2020',1,'30/12/2020',351),
(922,'17/12/2020',1,'30/12/2020',352),
(923,'17/12/2020',1,'30/12/2020',353),
(924,'17/12/2020',1,'30/12/2020',354),
(925,'17/12/2020',1,'30/12/2020',355),
(926,'17/12/2020',1,'30/12/2020',356),
(927,'17/12/2020',1,'30/12/2020',357),
(928,'17/12/2020',1,'30/12/2020',358),
(929,'17/12/2020',1,'30/12/2020',359);
insert into teamworkplanner.instalacion VALUES
(1,'Clasificador de prendas','Sorte1',null),
(2,'Clasificador de prendas','Sorte2',null),
(3,'Clasificador de prendas','Sorte3',null),
(4,'Clasificador de prendas','Sorte4',null),
(5,'Almacenamiento de cajas reparto','Silo1',null),
(6,'Almacenamiento de cajas reparto','Silo2',null),
(7,'Almacenamiento de cajas reparto','Silo3',null),
(8,'Acumulador de cajas','SQB1',null),
(9,'Acumulador de cajas reparto','Acumulador de cajas',null),
(10,'Identificador de ...','RFID1',null),
(11,'Identificador de ...','RFID2',null),
(12,'Entrada de bultos a almacenar','Rampas entrada',null),
(13,'Salida de bultos a expedir','Rampas salidas',null);
insert into teamworkplanner.puesto VALUES
(1,'induccion','C1ind1',1,true,1),
(2,'induccion','C1ind2',1,true,1),
(3,'induccion','C1ind3',1,true,1),
(4,'induccion','C1ind4',1,true,1),
(5,'induccion','C1ind5',1,true,1),
(6,'induccion','C1ind6',1,true,1),
(7,'induccion','C1ind7',1,true,1),
(8,'induccion','C1ind8',1,true,1),
(9,'induccion','C1ind9',1,true,1),
(10,'induccion','C2ind10',1,true,2),
(11,'induccion','C2ind1',1,true,2),
(12,'induccion','C2ind2',1,true,2),
(13,'induccion','C2ind3',1,true,2),
(14,'induccion','C2ind4',1,true,2),
(15,'induccion','C2ind5',1,true,2),
(16,'induccion','C2ind6',1,true,2),
(17,'induccion','C2ind7',1,true,2),
(18,'induccion','C2ind8',1,true,2),
(19,'induccion','C2ind9',1,true,2),
(20,'induccion','C3Ind1',1,true,3),
(21,'induccion','C3ind2',1,true,3),
(22,'induccion','C3ind3',1,true,3),
(23,'induccion','C3ind4',1,true,3),
(24,'induccion','C3ind5',1,true,3),
(25,'induccion','C3ind6',1,true,3),
(26,'induccion','C4ind1',1,true,4),
(27,'induccion','C4ind2',1,true,4),
(28,'induccion','C4ind3',1,true,4),
(29,'induccion','C4ind4',1,true,4),
(30,'induccion','C4ind5',1,true,4),
(31,'induccion','C4ind6',1,true,4),
(32,'destinos','C1des1',1,true,1),
(33,'destinos','C1des2',1,true,1),
(34,'destinos','C1des3',1,true,1),
(35,'destinos','C1des4',1,true,1),
(36,'destinos','C1des5',1,true,1),
(37,'destinos','C1des6',1,true,1),
(38,'destinos','C1des7',1,true,1),
(39,'destinos','C1des8',1,true,1),
(40,'destinos','C1des9',1,true,1),
(41,'destinos','C2des10',1,true,2),
(42,'destinos','C2des1',1,true,2),
(43,'destinos','C2des2',1,true,2),
(44,'destinos','C2des3',1,true,2),
(45,'destinos','C2des4',1,true,2),
(46,'destinos','C2des5',1,true,2),
(47,'destinos','C2des6',1,true,2),
(48,'destinos','C2des7',1,true,2),
(49,'destinos','C2des8',1,true,2),
(50,'destinos','C2des9',1,true,2),
(51,'destinos','C3des1',1,true,3),
(52,'destinos','C3des2',1,true,3),
(53,'destinos','C3des3',1,true,3),
(54,'destinos','C3des4',1,true,3),
(55,'destinos','C3des5',1,true,3),
(56,'destinos','C3des6',1,true,3),
(57,'destinos','C4des1',1,true,4),
(58,'destinos','C4des2',1,true,4),
(59,'destinos','C4des3',1,true,4),
(60,'destinos','C4des4',1,true,4),
(61,'destinos','C4des5',1,true,4),
(62,'destinos','C4des6',1,true,4),
(63,'rechazos','C1rech1',2,true,1),
(64,'etiquetadoras','C1des3',1,true,1),
(65,'precintadoras','C1des4',1,true,1),
(66,'chequeo','C1CHEQ',2,true,1),
(67,'rechazos','C2rech1',2,true,2),
(68,'etiquetadoras','C2des3',1,true,2),
(69,'precintadoras','C2des4',1,true,2),
(70,'rechazos','C2rech1',2,true,2),
(71,'etiquetadoras','C3des3',1,true,3),
(72,'precintadoras','C3des4',1,true,3),
(73,'chequeo','C3des5',2,true,3),
(74,'rechazos','C3rech1',2,true,4),
(75,'etiquetadoras','C4des3',1,true,4),
(76,'precintadoras','C4des4',1,true,4),
(77,'chequeo','C4des5',2,true,4),
(78,'puentes','pte1',2,true,1),
(79,'puentes','pte2',2,true,2),
(80,'puentes','pte3',2,false,3),
(81,'puentes','pte4',2,false,4),
(82,'rfid','C1 rfid',2,false,1);